body,title
"Caracas.- Carlos Salazar, presidente de la Cámara de Licores del Área Metropolitana de Caracas (Calicor), informó que en 2020 las pérdidas del sector ascendieron a un 77%, por causa de las restricciones impuestas para evitar la propagación de covid-19. Sostuvo que uno de los objetivos que se deben lograr durante el primer trimestre del año en curso es la continuidad laboral, garantizando el cumplimiento de las medidas de bioseguridad por parte de los comercios.Asimismo, durante una entrevista concedida a Fedecámaras Radio, el líder gremial enfatizó que los comerciantes deberán estar comprometidos con la generación de empleo y el pago de impuestos. Precisó que por temas de armonización tributaria se evidenció un importante incremento en los impuestos y servicios públicos, situación que dificultó la reanudación de actividades del sector a principios de 2021.Según los datos suministrados durante la entrevista radial,  los comercios que pagaban impuestos y servicios con un promedio de entre 40 y 50 dólares estadounidenses, luego del ajuste se vieron en la obligación de pagar $200, “cuando solo trabajan menos de la mitad del mes”, tomando en consideración la aplicación del Plan 7+7.En esta línea de ideas, Salazar insistió en que luego de un año tan complejo como el 2020, es necesario promover incentivos fiscales y no el incremento de impuestos, tomando en cuenta que en el transcurso del año pasado únicamente “se trabajó un 33%”.Refiriéndose al esquema 7+7, implementado por el Ejecutivo Nacional, el representante de Calicor sostuvo que “trabajar 10 días y paralizarnos 7” representa una producción insignificante para el gremio.",Calicor: Las ventas de licor evidenciaron una pérdida de 77% en 2020
"Ni una pandemia con la consecuente zozobra económica ha servido para aportar previsibilidad al escenario político catalán. Las elecciones celebradas este domingo en Cataluña, con una fuerte abstención motivada por el coronavirus, dieron la victoria al Partit dels Socialistes de Catalunya (PSC) de Salvador Illa en número de votos, pero sin que este empuje haya bastado para vencer al bloque independentista, que sale reforzado de la contienda. Las urnas pusieron en bandeja a Esquerra Republicana de Catalunya (ERC) y a Junts per Catalunya repetir la coalición de Gobierno de los últimos años que tanta inestabilidad ha generado dentro y fuera de la comunidad autónoma. La novedad será, si los independentistas se ponen nuevamente de acuerdo, que ERC lideraría por primera vez el Gobierno de la Generalitat descabalgando a Junts, reseña El País.Los socialistas consiguieron atraerse no solo buena parte del voto no independentista que en 2017 optó por Ciudadanos, sino también el de aquellos que quieren pasar página a diez años de procés. Lograron 33 escaños y el 23% de los votos, su mejor resultado desde 2006. Muy cerca se situó Esquerra Republicana que, con 33 escaños también y el 21,3% de los votos, volvió a quedarse sin ganar las elecciones, pero obtuvo el premio de consolación de quedar en primer lugar, y por primera vez, entre los partidos independentistas en unas elecciones en el Parlament. Sus eternos rivales del centroderecha independentista, ahora bajo la marca Junts, quedaron terceros con 32 escaños y un 20% de votos.A mucha distancia quedaron otros cinco partidos, destacando la irrupción de Vox en el Parlament como cuarta fuerza con 11 escaños, lo que le convierte en el principal referente de la derecha para combatir el independentismo. Ello dejó fuera de juego a Ciudadanos, el partido que había ganado las elecciones con 36 escaños en 2017 y que ahora tiene que conformarse con solo seis en una de las mayores debacles electorales vividas nunca en Cataluña. El PP volvió a empeorar sus resultados y se quedó con solo tres escaños, uno menos que en su peor resultado de 2017. En Comú Podem, el referente catalán de Podemos, obtuvo ocho diputados (los mismos que tiene). La izquierda independentista anticapitalista, la CUP, obtuvo también su mejor dato histórico, con hasta nueve diputados.Con estos resultados podría volver a gobernar el independentismo, aunque el PSC también puede intentar sumar a En Comú Podem y a ERC a una eventual mayoría de izquierdas. La mayoría absoluta en Cataluña está en 68 diputados. Si se impone la coalición independentista, ahora estaría encabezada por Esquerra Republicana en lugar de por Junts, que fue la fuerza vencedora en 2017 dentro del bloque secesionista. Esto permitiría a ERC intentar que sea su agenda la que domine ahora, más alejada de la vía unilateral del expresidente Carles Puigdemont, prófugo en Bruselas, y partidaria de presionar para conseguir un referéndum pactado.Para ver si es factible reformular el actual Gobierno de coalición habrá que ver si Esquerra y Junts logran pactar un mensaje común sobre la cuestión territorial. Junts acusa a ERC de haber desistido en su lucha por la independencia tras abrazar vías más pragmáticas mientras Esquerra acusa a Junts de querer correr demasiado en sus objetivos sin tener suficiente mayoría social.Este domingo, por primera vez en unas elecciones en el Parlament, los partidos a favor de la independencia lograron más del 50% de los votos, pero esto fue en unas elecciones con baja participación y gracias a la suma de cuatro formaciones —una de ellas, el PDeCAT se quedó fuera del hemiciclo— y con proyectos muy dispares. Además, varios de ellos admiten que el 50% de votos no basta para proclamar la independencia, como tampoco bastan para reformar el Estatuto de Autonomía. En realidad, el independentismo ha conseguido superar el 50% con unos 630.000 votos menos que los logrados en las elecciones de 2017 y con solo el apoyo de un 26% de los votantes del conjunto del censo electoral.El candidato de ERC, Pere Aragonès, lanzó un mensaje al Gobierno central. “Es la hora de resolver el conflicto, es la hora de sentarse y ver cómo resolvemos esto con un referéndum”. La intención de ERC es formar un Gobierno no solo con Junts y la CUP, sino también con En Comú Podem. “Hay una mayoría clara de diputados independentistas y de izquierdas”, dijo antes de emplazar a una reunión a las fuerzas partidarias de la “amnistía” para los presos del procés y de la autodeterminación.La mayoría de izquierdas parece más complicada porque, aunque el PSC, En Comú Podem y Esquerra sumarían una amplia mayoría en escaños, ERC se desmarcó durante la campaña de cualquier acuerdo con los socialistas. Con todo, el candidato del PSC, Salvador Illa, insistió este domingo por la noche en que quiere presentarse a la investidura pese a que en estos momentos no se le adivinan suficientes apoyos. Solo puede contar con la ayuda de los ocho escaños de los comunes, además de sus 33 diputados. De nuevo, muy lejos de los 68 diputados. Sea como sea, el PSC quiso exhibir su primera victoria en muchos años en unas elecciones catalanas. Illa proclamó que “el cambio en Cataluña no tiene marcha atrás”.Este domingo por la noche no parecía fácil que los bloques se puedan romper para formar un Gobierno transversal. Para ello, ERC debería desdecirse de su compromiso por escrito de no pactar con el PSC la formación de un Gobierno. O los socialistas deberían aparcar su compromiso de no investir a un independentista.Ahora se avecinan días y semanas de intensas negociaciones. La CUP será una fuerza necesaria para la formación de un Gobierno estrictamente independentista y en el pasado no lo han puesto fácil: en 2015 lograron incluso la renuncia de Artur Mas a revalidar la presidencia. Los comunes también han dicho que no quieren formar parte de un Gobierno con Junts. Si ninguna de estas piezas encaja, entonces ERC podría decidir explorar otros pactos, pero esto se adivinaba lejano en el horizonte durante esta noche electoral. La prioridad en primera instancia de cada partido es asegurarse la cohesión interna y explorar acuerdos con las formaciones que no ha vetado durante la campaña antes de aventurarse con nuevas alianzas.A partir de ahora la ley establece un plazo de 20 días para constituir el nuevo Parlament. Después de esa fecha el presidente de la Cámara tiene diez días para hablar con las fuerzas políticas y proponer un candidato o candidata a la presidencia. A continuación se celebra el debate de investidura. En la primera votación se requiere mayoría absoluta. Si no se logra se repite la votación a las 48 horas en la que basta ya la mayoría simple (más votos afirmativos que negativos). Si así tampoco es posible elegir un presidente hay dos meses para hacer cuantas votaciones sean necesarias. Si tampoco lo consiguen se convocan automáticamente nuevas elecciones. Este escenario, aunque posible, estuvo a punto de ocurrir en 2015, cuando la CUP forzó la retirada de Artur Mas en el último momento. Ahora todos dicen querer evitar una negociación larga y en la noche de este domingo ya hubo llamadas entre Junts, ERC, los comunes y la CUP.La elevada abstención fue el principal hecho diferencial de las elecciones de este 14-F. Votó menos del 54% del censo, superando el mínimo de participación registrado en 1992, cuando Jordi Pujol encadenaba mayorías absolutas.Las elecciones, las cuartas desde que en 2010 Artur Mas diera comienzo al proceso independentista, se celebraron ocho meses antes de agotarse la legislatura. Los comicios se precipitaron después de que los socios del actual Gobierno, Junts y ERC, fueran incapaces de acordar el nombre de un presidente para sustituir a Quim Torra (Junts), inhabilitado por el Tribunal Supremo. Para el principal ideólogo del procés, Artur Mas, la jornada electoral de este domingo fue un auténtico varapalo. Desvinculado de Junts y ahora apoyando al PDeCAT vio como en menos de diez años ha pasado de lograr victorias con 62 diputados a quedar borrado de la Cámara catalana.Con información de El País.",El independentismo refuerza su mayoría pese al triunfo del PSC
"Buenos Aires.- Leopoldo Jacinto Luque, autor de goles clave en el Mundial de Argentina-1978, ganado por la albiceleste, murió este lunes de una crisis cardíaca, mientras permanecía internado por contagio de Covid-19, informaron fuentes hospitalarias.A los 71 años, Luque contrajo el coronavirus que derivó en una neumonía bilateral cuyo desenlace fue la muerte, indicaron las fuentes de un hospital de Mendoza (oeste del país).Con la camiseta de la Selección, marcó 22 goles en 45 partidos. Se destacó en River Plate y en Unión de Santa Fe, provincia en la que había nacido.Su paso por el club 'millonario' fue exitoso, con 75 goles en 176 encuentros. Cinco veces ganó el campeonato argentino con la 'banda roja'.""Con técnicos como (César) Menotti en la Selección o como (Ángel) Labruna en River, yo me sentía el mejor delantero del  mundo"", declaró en una entrevista.Con los colores albirrojos de la escuadra 'tatengue' de Unión y en carácter de capitán, logró el ascenso a la primera división en 1974.En la Copa del Mundo de 1978, marcó el empate parcial en un gol en el debut contra Hungría, cuando el equipo sufría el buen juego de los europeos. Argentina ganó aquella noche 2-1.Otro gol valioso fue el que selló el triunfo ante Francia (2-1), con un estupendo remate desde afuera del área, clavado en un ángulo a media altura, conquista que le permitió a la albiceleste clasificarse a la segunda ronda.Frente a Perú anotó dos goles, la noche de una victoria por 6-0 que llevó al conjunto local a la final contra Holanda, en la que se impuso por 3-1 en tiempo adicional.Fue el cuarto goleador de la Copa con cuatro anotaciones, dos menos que el artillero mayor del torneo, su compatriota Mario 'Matador' Kempes.Como director técnico se radicó en Mendoza, provincia en la que dirigió a varios clubes, entre ellos Argentino, el último de su carrera.","Falleció Leopoldo Luque, figura de Argentina en el Mundial de Fútbol de 1978"
"Los Sussex confirmaron que esperan su segundo hijo. Un portavoz de la pareja anunció: “Podemos confirmar que Archie será el hermano mayor. El duque y la duquesa de Sussex están encantados de estar esperando su segundo hijo"".La pareja compartió una foto en blanco y negro donde ambos están debajo de un árbol y se hace evidente el embarazo de Meghan. Misan Harriman, amiga de los duques de Sussex y autor de la foto que acompañaba al anuncio de su embarazo, la colocó en su Instagram con la siguiente frase: “Meg, estuve allí en tu boda para presenciar el comienzo de esta historia de amor, y amiga, me siento honrada de capturar su crecimiento. ¡Felicitaciones al duque y la duquesa de Sussex por esta alegre noticia!"".Harriman, quien tiene una interesante carrera, es el primer hombre de raza negra en realizar una foto para la portada de British Vogue en los 104 años de esa publicación.De esta manera, la niña o niño que nazca, ocupará el octavo lugar en la línea de sucesión al trono de Inglaterra, mientras que el príncipe Andrés de York desciende al noveno lugar. Este será el tercer embarazo de la duquesa, ya que el anterior no pudo llegar a feliz término por sufrir un aborto espontáneo.Esta es otra buena noticia que generan los Mountbatten ya que la semana pasada se dio a conocer que Meghan había ganado el caso de privacidad en el tribunal superior contra Associated Newspapers Ltd por la publicación en los periódicos Mail on Sunday y Mail Online de extractos de una carta privada que le había escrito a su padre Thomas Markle.Se ignora si el bebé nacerá en Estados Unidos o en Gran Bretaña. Será el quinto nieto de Carlos y un décimo bisnieto para Isabel II",Los duques de Sussex esperan su segundo hijo
"Caracas.- El presidente de la Cámara Nacional de Restaurantes (Canares), Iván Puerta, manifestó que a pesar de la flexibilización de la cuarentena a propósito de las fiestas carnestolendas, el sector aún registra un “bajón” en sus actividades comerciales.Aseguró que gran parte de los dueños de estos locales tomaron la decisión de invertir de su reserva capital para no paralizar el sector.Por medio de una entrevista radial para Unión Radio, el representante del sector señaló que muchos restaurantes se han reinventado con opciones como deliveries o pedidos electrónicos para sostener su productividad.Puerta describió la situación actual como un reto para estos establecimientos comerciales, lo que les ha impulsado a establecer cambios en sus estrategias, su menú e incluso reestructuración de ventas para poder mantenerse activos.  Finalmente, detalló que 2021 arrancó “con reglas un poco más claras. Ya la gente conoce el esquema 7+7”, por lo que los restaurantes podrán continuar su operatividad bajo este nuevo sistema.",Restaurantes se reinventan para afrontar las consecuencias de la pandemia
"Caracas.- Tras la presentación del informe preliminar de la relatora de Naciones Unidas, Alena Douhan, el jefe de la fracción parlamentaria de la opositora Acción Democrática, Luis Eduardo Martínez, declaró: “Venezuela toda, o por lo menos todos los venezolanos que nos duele la suerte de nuestros connacionales, debemos exigir el cese de las sanciones extranjeras que tanto nos perjudican y que tan severamente golpean a la economía nacional e impiden la realización de programas sociales”.“Días atrás fue el reporte al Congreso de los Estados Unidos por parte de la Government Accountability Office y ahora es la relatora de la ONU quienes confirman lo que es sabido suficientemente: las más de 700 órdenes ejecutivas con las que la administración de Trump y la Unión Europea intentan presionar al gobierno, perjudican gravemente a millones de venezolanos generando una tragedia que ya es humanitaria”, agregó el diputado Martínez.“Solicitaremos el pronunciamiento de la Asamblea General de Naciones Unidas, conocido el informe Douhan, si bien aún confiamos que el Presidente (Joe) Biden y luego sus pares europeos, reviertan las erradas políticas sancionatorias contra un país que debe construir un mañana distinto dialogando y en paz”, finalizó Luis Eduardo Martínez.","Luis Eduardo Martínez: ""Venezuela toda debe exigir el cese de las sanciones extranjeras"""
"El segundo juicio por impeachment a Donald Trump ha ahondado la brecha de un Partido Republicano en pleno dilema sobre su futuro y su ser o no ser en Estados Unidos. Una decena de miembros de la Cámara de Representantes y siete del Senado votaron para condenar a su expresidente, lo que supone un apoyo bipartito sin precedentes en un proceso como este, pese al veredicto absolutorio. Varios de ellos recibieron fuertes críticas en sus Estados este domingo. Otros republicanos, como el líder de la Cámara alta, Mitch McConnell, lo exoneraron arguyendo tecnicismos jurídicos, pero lo culparon sin ambages del sangriento asalto al Capitolio. El escenario abre ahora una batalla intestina que enfrenta a los fieles a Trump con sus detractores y pone a prueba el poder del magnate neoyorquino sobre las bases. El sábado apuntó a un pronto regreso a la arena política. El juicio para el Grand Old Party acaba de empezar, reseñó El País.“Nuestro histórico, patriótico y hermoso movimiento ‘Hacer América Grande de Nuevo’ acaba de empezar”, dijo el expresidente en un comunicado, y añadió: “Tengo mucho que contaros para los próximos meses, tengo muchas ganas de seguir nuestro increíble viaje y lograr la grandeza de América para nuestro pueblo”. Más de la mitad del Senado votó condenarlo (57-43) por incitación a la insurrección, lo que constituye un mensaje evidente de repudio, pese a que no se alcanzó la mayoría de dos tercios que requiere la Constitución para declararlo culpable.Trump, incombustible, no ha dejado nunca de lanzar el mensaje de que piensa seguir en la primera línea de fuego, una forma de presionar a sus compañeros de partido de cara al impeachment. En los últimos meses había amenazado con hacer campaña contra los republicanos que no se sumaran a su cruzada de bulos sobre el fraude electoral apoyando a sus adversarios en las primarias. La presidenta de la Cámara de Representantes, la poderosa demócrata Nancy Pelosi, calificó este sábado a los republicanos de “panda de cobardes”. De entre los siete senadores que votaron condenarlo, solo una, Lisa Murkowski, de Alaska, afronta una reelección en 2022. En Luisiana, el comité ejecutivo del partido decidió de forma unánime censurar a su senador Bill Cassidy, otro de los rebeldes que votaron ‘culpable’, y en Carolina del Norte el presidente del partido, Michael Whatley, calificó el voto del senador Richard Burr como “chocante y decepcionante”.La reacción de Trump está aún por ver. Lindsey Graham, senador de Carolina del Sur que votó ‘no culpable’, tenía previsto reunirse con el expresidente esta semana en Florida para tratar de evitar que empiece una guerra y permitir así al Partido Republicano recomponerse y trabajar para recuperar el control de la Cámara de Representes y del Senado en las elecciones legislativas de 2022. “Voy a intentar convencerle de que no podemos conseguirlo sin él, pero [también de] que él tampoco puede mantener el movimiento Trump sin el partido unido”, señaló Graham el viernes, según unas declaraciones recogidas por Politico. Este domingo, en la Fox, contó que había hablado por teléfono con el magnate el sábado por la noche y que le había transmitido que la hoja de ruta para volver a ganar pasa por el expresidente: “Es la fuerza más potente del Partido Republicano. Necesitamos el plus de Trump”. Las presidenciales de noviembre, pese a la derrota, demostraron su fuerza de tracción con 74 millones de votantes, 11 millones más que cuatro años atrás, y son muchos los republicanos que quieren heredar el movimiento trumpista.Tras su veto en las redes sociales, del sentir de Trump solo se sabe ahora a través de fuentes anónimas y de comunicados de prensa meditados, muy diferentes de sus febriles mensajes en Twitter. El sábado pudo escuchar palabras gruesas de los propios republicanos, y no solo de los que lo condenaron. McConnell votó a favor de la absolución argumentando que un impeachment solo debe utilizarse para presidentes aún en el cargo, pero pronunció su discurso más duro hasta ahora contra Trump: “Estos criminales llevaban sus pancartas, ondeaban sus banderas y gritaban su lealtad hacia él”, dijo. “Era muy obvio que solo él podía pararlo”. Así, denunció el “vergonzoso incumplimiento de su deber” y aseguró: “No hay duda de que el presidente es práctica y moralmente responsable de los acontecimientos”. El presidente Joe Biden citó a McConnell en un comunicado para defender que, pese a la exoneración, “el cargo no está en discusión”.La absolución puede leerse como el temor de los republicanos a las represalias de los votantes, pero una condena ahora, a raíz del asalto del 6 de enero, también hubiese sido difícil de explicar, cuando la tensión había ido escalando durante meses en medio del silencio de su partido. Ha habido republicanos críticos con el magnate neoyorquino a lo largo de estos cuatro años, como el fallecido John McCain y los senadores Mitt Romney o Susan Collins, entre otros. La mayoría de los miembros del Congreso, sin embargo, no le pararon los pies hasta el último momento, como el propio McConnell, que no reconoció la victoria de Biden hasta la confirmación del Colegio Electoral, en diciembre.Para entonces, la bomba de relojería ya había empezado su tictac. El republicano Gabriel Sterling, responsable de la supervisión de la elección en Georgia (uno de los Estados contestados por Trump), alertó del peligro: “Señor presidente, usted tiene derecho a ir a los tribunales”, señaló el 1 de diciembre, “pero debe dejar de inspirar a la gente para cometer actos violentos. Alguien va a acabar herido, disparado, alguien va a morir y no está bien”.No solo Trump ha pasado por un impeachment, sino toda la clase política que amparó por acción u omisión sus acusaciones infundadas de fraude electoral, que no le dio el alto mientras pedía a las autoridades que detuvieran el escrutinio o mientras reclamaba a los legisladores del Congreso que boicotearan la confirmación de la victoria electoral de Biden.Ahora, en el partido de Abraham Lincoln conviven aves de muy distinto pelaje y pensamiento: de la nueva congresista Marjorie Taylor Greene, una ultra conocida por sus teorías conspirativas y sus guiños a la violencia, a la congresista Liz Cheney, hija del exvicepresidente Dick Cheney, que votó a favor del impeachment y dijo: “Nunca ha habido una mayor traición por parte de un presidente de Estados Unidos”. En medio, centenares de legisladores haciendo equilibrios y cálculos, muchos de ellos midiendo los tiempos para despegarse de la sombra de Trump y enseñar la patita de cara a las presidenciales de 2024. Esta semana lo hizo la exembajadora ante Naciones Unidas Nikki Haley, quien se consideraba amiga del expresidente. “Debemos reconocer que nos ha decepcionado, no debimos haberle seguido y no debimos haberle escuchado. No podemos permitir que ocurra de nuevo”, dijo Haley. Perdidas la Casa Blanca y las dos Cámaras, para muchos Trump ya es un árbol caído. Para otros, aún una amenaza.Con información de El País.",El Partido Republicano entra en combustión con el voto del ‘impeachment’ a Trump
"Leopoldo Puchi•	Jesús González, representante de la sociedad civil en la comisión de postulaciones para el CNE, considera que “hay disposición para elegir un CNE independiente”.•	El partido Alianza Bravo Pueblo, dirigido por Antonio Ledezma, decidió que no participará en las regionales programadas para este año.•	Un primer lote de la vacuna rusa Sputnik V llegó este sábado un avión procedente de Moscú de la aerolínea Conviasa.•	Jorge Arreaza destacó la integración y cooperación entre Rusia y Venezuela a propósito de la instalación de una planta de producción de insulina en el país.•	El gobierno español elaboró un documento en el que se establece la política a seguir en relación Latinoamérica y el Caribe para los próximos cuatro años, comenta EFE.•	Sobre Venezuela, dice que contribuirá “solución a la crisis política, tanto bilateralmente como a través de la UE y el Grupo Internacional de Contacto”.•	El papa Francisco saludó la decisión de Colombia por su política migratoria en relación a los migrantes venezolanos.•	“Ciudadanos increpan a jefe de Gabinete paraguayo y terminan a golpes”, reseña EFE.•	El episodio tuvo lugar en un restaurant, en el que le reclamaron hechos de corrupción como el acuerdo con el comisionado de Juan Guaidó en el que se estableció una comisión de $28 millones con un bufete argentino.•	La acción de Crystallex para vender Citgo regresará de nuevo al Tercer Circuito de Delaware.•	En el marco de las sanciones, el Estado venezolano ha continuada durante este año sin poder ejercer la defensa ante los tribunales de EEUU.",Día a Día
"Prensa Polisotillo.- Este miércoles tres miembros de un grupo delictivo dedicado al hurto de negocios, fueron capturados por funcionarios adscritos a la Policía Municipal Bolivariana de Sotillo, durante labores de investigación por parte de los uniformados que conforman el Departamento de Inteligencia y Estrategias Preventivas (Diep) del ente policial. Así lo informó el director del cuerpo de seguridad porteño, comisionado agregado, Douglas Martínez, quién aseguró que las  investigaciones del caso iniciaron debido a las denuncias realizadas por varios dueños de comercios, ubicados en las adyacencias del Mercado Municipal de Puerto la Cruz.“Hemos recibido varias denuncias donde víctimas de hurto, manifestaron que sujetos conocidos en el sector como los “bola de burro”, desde hace varias semanas han mantenido en zozobra a todos los comerciantes del mercado y sus adyacencias, ingresado en negocios y sustrayendo sus mercancías, aires acondicionados, entre otros, por lo que a través de nuestro departamento de investigación, desplegamos un trabajo de campo para darles captura”, enfatizó Martínez.El jefe policial dijo que los detenidos fueron identificados como José Alberto Martínez de 43 años, quien presenta registro por hurto genérico y droga, Vladimir José Díaz Guevara de 24 años, quien también presenta registro por hurto y uso indebido de arma de fuego y José Alejandro Pastor López de 21 años de edad.Así mismo, el comisionado agregado, indicó que durante el procedimiento policial se incautó una consola de aire acondicionado, propiedad de un comerciante que fue víctima de hurto en su local, el pasado lunes 08 de febrero. El director de Polisotillo aseguró que los detenidos y la evidencia fueron puestos a la orden de la  Fiscalía del Ministerio Público, para las diligencias pertinentes al caso, mientras que los uniformados de la policía porteña, se mantendrán activos y desplegados en todo el casco central y mercado municipal, para el resguardo de comerciantes y usuarios.",Polisotillo capturó a miembros de grupo delictivo dedicado al hurto en locales comerciales
"Los Angeles.- El partido entre los Spurs de San Antonio y los Pistons de Detroit de este martes fue pospuesto luego de que un miembro de la organización del club texano diera positivo al Covid-19, informó este lunes la NBA en un comunicado.La NBA dijo que la prueba positiva y el seguimiento de contactos posterior significaron que los Spurs no tenían los ocho jugadores necesarios disponibles para que el juego en el Little Caesars Arena de Detroit se llevara a cabo. No se reveló el nombre de la persona que dio positivo.El juego es el partido número 25 pospuesto por la NBA desde que comenzó la temporada 2020-2021 en diciembre.Después de una serie de aplazamientos en enero, hasta ahora solo se han postergado tres juegos en febrero.La desaceleración se produce después de que la NBA y la Asociación Nacional de Jugadores de Baloncesto anunciaron el mes pasado protocolos de salud y seguridad más estrictos destinados a detener la propagación del coronavirus.El protocolo de seguridad contra la pandemia incluyó ordenar a los jugadores y al personal del equipo que permanezcan en su residencia en todo momento cuando el club esté en casa, excepto para asistir a actividades relacionadas con el equipo, hacer ejercicio al aire libre o realizar actividades esenciales.Los Spurs ocupan el sexto puesto de la Conferencia Oeste con marca de 16-11, mientras que Detroit está rezagado en el 14º lugar del Este.",Posponen partido de la NBA por positivo al Covid-19
"Un niño de 11 años de edad se encuentra grave luego de que recibiera un disparo en la cabeza mientras jugaba en casa de un amigo en Barquisimeto, estado Lara.El niño permanece recluido en el Hospital Universitario Agustín Zubillaga (Hupaz) de Barquisimeto.El hecho ocurrió el mediodía del pasado jueves, 11 de febrero en el Barrio La Pastora de Barquisimeto. La madre del niño, identificada como Belkis Daza, declaró a la Brigada Hospitalaria de la Policía del estado Lara que su hijo estaba jugando en otra casa del sector con unos amigos y uno de ellos habría disparado el arma de fuego.Tres adolescentes que se encontraban en la casa fueron interrogados por el Cuerpo de Investigaciones Científicas, Penales y Criminalísticas (Cicpc) con el objetivo de determinar el origen del arma.Según infirmó la periodista Liz Gascón a través de la web de El Pitazo el niño requiere de una intervención quirúrgica.",Grave niño de 11 años que recibió un disparo en la cabeza mientras jugaba
"La artista coreana Kim Chungha ha regresado a la música con su tema Bicycle.La canción es parte de su primer álbum completo titulado Querencia, el cuál ya se encuentra disponible en todas las plataformas musicales.Junto al single, llega un video musical que muestra diversos colores, estilos y facetas de Chungha, mientras canta sobre la emoción de pedalear, y ejecuta un performance de baile electrizante. Bicycle es un R&B pop-trap que mantiene una fuerte guitarra fuzz.Querencia contiene 21 canciones en donde también se encuentran los temas anteriormente revelados como Stay Tonight, Play (feat. Changmo), Dream Of You (feat. R3HAB) y X.Por otro lado, se espera que Demente, una colaboración con el puertorriqueño Guaynaa, tenga un video musical en donde la coreana también canta en español.","Chungha comparte vibrante video para ""Bicycle"""
"En este febrero heroico estamos impulsando acciones revolucionarias para procurar el bienestar de nuestro pueblo en todos los ámbitos. Nuestro presidente Nicolás Maduro activó una agenda de trabajo extraordinaria que incluye a todas las fuerzas y movimientos sociales que forman parte del Congreso Bicentenario de los Pueblos, un espacio que garantiza que nuestro pueblo sea protagonista en la historia que estamos viviendo.El equipo promotor del Congreso está conformado por 300 líderes de 29 movimientos sociales, así como representantes del Partido Socialista Unido de Venezuela y de todos los partidos aliados. Participarán la juventud, mujeres, trabajadores, comunas, salud, educación, comunicadores, misiones sociales, cultura, deporte, campesinos, viviendo venezolanos, empresarios, defensa DDHH, indígenas, los pescadores, personas con discapacidad, religiosos, clase media, ecologistas, afrodescendientes, sexodiversidad, animalistas, reserva activa, adultos mayores, profesionales y técnicos, Hogares de la Patria, promotoras comunales de Hogares de la Patria y los motorizados.Todos los sectores están representados, todos serán escuchados y entre todos construiremos un gran plan de trabajo que nos permitirá buscar soluciones conjuntas a los problemas que estamos enfrentando a causa del bloqueo estadounidense y la pandemia del Covid-19; y desarrollar social, económica y políticamente a Venezuela. Es una oportunidad de oro que debemos aprovechar.Los dirigentes de los diferentes movimientos podrán plantear sus propuestas, ser parte, aportar y accionar para seguir contribuyendo con la profundización de la Revolución Bolivariana como principal fuerza de nuestro país, en el marco del Bicentenario de la Batalla de Carabobo.La tarea es organizarnos, fortalecer la unidad política, la democracia participativa y protagónica, la participación de los movimientos sociales. Mantengamos la esperanza y luchemos para materializar nuestros objetivos. Juntos podemos y vamos a lograrlo. Un abrazo.ne.danterivas@gmail.com",Pueblo protagonista
"Madrid.- El Athletic de Bilbao arrasó en su visita al Cádiz, goleando 4-0 al equipo andaluz para instalarse en la zona tranquila de la clasificación de LaLiga tras 23 jornadas disputadas del campeonato español.Álex Berenguer con un doblete (4 y 29), Unai López (15) e Iñaki Williams (52), anotaron los tantos del equipo vasco, que con los tres puntos alcanza las 28 unidades, en el décimo puesto de la clasificación.El Cádiz (15º), por su parte, se acercó peligrosamente a la zona de descenso, con solo tres puntos de ventaja por encima del Valladolid, 18º clasificado y primero en zona de relegación.",El Athletic de Bilbao se instala en la zona tranquila de la tabla al golear al Cádiz
"Coca-Cola 1,25 litros, que se ofrece en botella de vidrio retornable ya se encuentra disponible en toda Venezuela. Por otra parte, con este envase, Coca-Cola FEMSA, proporciona a sus consumidores un producto más asequible y conveniente, ya que a partir de la segunda compra sólo pagan por el líquido.Tras 17 años de operaciones en el país, Coca-Cola FEMSA de Venezuela continúa innovando con presentaciones que inspiran hábitos de compra inteligente en los consumidores. Además, apunta a estrategias de disminución de desechos con una botella de vidrio que puede retornar más de 30 veces, fortaleciendo el compromiso de la compañía con la iniciativa global del Sistema Coca-Cola “Un mundo sin residuo”, cuya meta es reciclar el 100% de sus empaques para 2030. Daniel Salas, gerente Nacional Legal y de Asuntos Corporativos de Coca-Cola FEMSA de Venezuela, explicó que gracias a las inversiones realizadas en las líneas de producción en años anteriores y las diferentes alianzas que se realizaron con proveedores locales se pudo concretar este proyecto en un año y medio. “En 2021 cumplimos con nuestro compromiso de extendernos en todo el país. Es una apuesta más que reafirma nuestro objetivo de generar valor económico y bienestar social y ambiental en Venezuela”.“Con la botella de vidrio 1.25 litros retornable de Coca-Cola,  somos únicos en el mercado con la mejor relación precio - tamaño, ideal para toda la familia”, expresó Luis De Zabala, gerente Nacional de Mercadeo y Planeación Estratégica de Coca-Cola FEMSA de Venezuela.La campaña “Cada uno pone lo suyo” es una idea creativa que resalta la característica muy propia del venezolano de cooperar, de aportar algo para salir adelante. “Cada uno pone lo suyo"" es una idea poderosa, que nos invita a pasar a la acción, teniendo como meta la retornabilidad como estilo de vida. Tú pones la botella, nosotros la Coca-Cola”, concluyó De Zabala.",Venezuela es territorio retornable
"En el equipo de Soho American Gourmet, el amor, la amistad y el respeto lo celebran a diario, pero en esta oportunidad le dan la bienvenida a febrero, el mes más romántico y especial; es por ello que cuando se trata de ofrecer las mejores opciones para disfrutar y compartir, ellos se convierten en los verdaderos cómplices.En esta ocasión la marca trae  un concurso para que disfrutar de una experiencia única; solo se debe seguir su cuenta en Instagram @Sohoamericangourmet , ubicar el post del sorteo, seguir los pasos y ya se estará participando por una mesa para dos personas en las instalaciones de Soho American Gourmet en el C.C. Xpress de Macaracuay, donde servirán una degustación de entrada, dos pizzas individuales y una botella de vino;. Serán dos ganadores, para que puedas celebrar el mes del amor y la amistad con esa persona especial.Desde el 2011 Soho American Gourmet cuenta con la producción y distribución de alimentos, con más de 20 años de experiencia en el sector alimenticio, es por ello que siempre tiene para  opciones para compartir. Para más información se puede llamar por los teléfonos: 0424 226 1850 – 0212 988 5300 o visita sus redes sociales: @Sohoamericangourmet",Un concurso para celebrar el mes más romántico del año
"Lara.- A Lara ya llegaron las cavas que almacenarán el cupo de vacunas Sputnik V asignadas a la entidad y que serán aplicadas en una primera instancia al personal de salud por ser los más vulnerables por estar al frente de la batalla.Según el secretario del Poder Popular para la Salud en Lara, Javier Cabrera, la llegada de las vacunas responde al convenio suscrito entre Venezuela y Rusia y de lo cual ya llegaron al país las primeras 100 mil, de las cuales un porcentaje serán para esta entidad.Aún cuando no informó sobre la cantidad de dosis que se recibirán el funcionario aclaró que las dosis recibidas serán aplicadas por un personal que fue adiestrado para su manejo y aplicación.""Seguimos en esta batalla que ha dejado fallecidos en nuestro país. El sacrificio que ha hecho nuestro personal, el poder popular y el gobierno lo vemos materializado con la llegada de estas vacunas. Gracias a nuestros hermanos rusos y chinos quienes han colaborado con nosotros en cooperación con nuestro gobierno"", expresó Cabrera.La creación de las vacunas contra el Coronavirus por expertos científicos fue un trabajo extenso que realizaron en diferentes países- apuntó- Rusia fue uno de ellos y creó la vacuna Sputnik V, que gracias al convenio que mantiene con el presidente Nicolás Maduro se logró la adquisición de 100 mil dosis que llegaron recientemente a Venezuela.Por otro lado, la autoridad regional se refirió al Bono Protectores de la Salud quienes recibieron entre el viernes y sábado el bono a través del Carnet de la Patria, correspondiente al mes de febrero y equivalente a 13.340.000 bolívares.""El cobro de este bono viene a dar respuesta a la petición que mantenía este sector y es el resultado del arduo trabajo que a diario realiza el gobierno. Son más de 6100 empleados, entre médicos, obreros y personal asistencial regional quienes se beneficiaron de lo que anteriormente era percibido sólo por el personal nacional.",Lara recibirá vacunas Sputnik V
"Más de 150 funcionarios de los diferentes servicios de la Policía Nacional Bolivariana (PNB), se encuentran desplegados en el terminal de pasajeros La Bandera en la ciudad de Caracas, para garantizar el cumplimiento de las medidas de bioseguridad, a propósito del desplazamiento de temporadistas a los diferentes destinos turísticos del país por el asueto de Carnaval.La información la ofreció el director de Operaciones de la PNB, C/J Valentín Hernández, quien realizó una supervisión como parte del despliegue Carnavales Felices y Bioseguros 2021.El Comisionado Jefe realizó un recorrido por las instalaciones del terminal terrestre, donde supervisó las taquillas de boletos, entradas y salidas, capacidad de usuarios, así como el uso del tapaboca y distanciamiento social en las unidades de transporte público. Agregó que los cuerpos de seguridad resguardan las principales troncales viales y ejes carreteros del país, para garantizar la protección del pueblo y el sano disfrute de estos días de Carnaval.",PNB supervisa dispositivo Carnavales Felices y Bioseguros 2021 en el terminal La Bandera
"Navarro Correas es una de las bodegas más importantes de Mendoza, Argentina, dedicada a la vitivinicultura desde 1798. Sus vinos han sido concebidos bajo “La tradición es hacer siempre un vino mejor”, una filosofía y espíritu fruto del legado de Don Juan de Dios Correas, su fundador, quien supo hacer perdurar la tradición familiar a través de los años. La emblemática bodega, con un legado de más de 9 generaciones, regresa a Venezuela de la mano de la importadora Imalbeca, presente con un portafolio de diez exclusivas etiquetas para el disfrute de los conocedores y apasionados del buen vino: Navarro Correas Nature y Navarro Correas Extra Brut entre los vinos espumantes; Dolores Navarro, los varietales de la Colección Privada Navarro Correas y Reserva Navarro Correas, en la categoría de los vinos tranquilos.Cada uno de sus vinos se conciben en Finca Agrelo, al pie de la Cordillera de Los Andes, desde ahí viven el vino desde el terroir. Para lograr complejidad, contar con diversidad, y seleccionar el mejor terruño para cada variedad, se trabaja con más de 60 viñedos donde se cultivan diversidad de uvas, entre ellas, Chenin Blanc, Chardonnay, Sauvignon Blanc, Malbec, Merlot y Cabernet Sauvignon. Línea de vinos Navarro Correas en VenezuelaEspumantes, sofisticados y de gran presencia están las burbujas perfectas de Navarro Correas Nature 70% Chardonnay y 30% Viognier y, el frutado y floral Navarro Correas Extra Brut 90% Chardonnay y 10% Pinot Noir. Elaborados bajo el método charmat o autoclave, que en su segunda fermentación mantiene contacto con sus lías por tres meses. De burbujas pequeñas, elegantes, vinos de persistencia media, frutales pero también están presentes aromas a bollería y flores. Destaca la enóloga de la bodega, Alejandra Riofrio, que Navarro Correas Extra Brut fue el espumoso más vendido en Argentina en 2020. Dolores Navarro Correas, un vino elaborado con las cepas Cabernet Sauvignon y Malbec. Inspirados en la hija de los fundadores, se caracteriza por ser un vino vivaz, frutal, alegre y grato.Colección Privada Navarro Correas, varietales de las uvas Sauvignon Blanc, Cabernet Sauvignon, Malbec y Merlot, con paso de 6 meses por barrica. Vinos acompañados de arte, tal como se evidencia en cada pintura de autores argentinos emergentes y famosos que acompañan la etiqueta de cada botella. Reserva Navarro Correas, Malbec o Cabernet Sauvignon, caracterizado por su paso de 12 meses en barricas de roble francés y americano. Es un ensamblaje de uvas, de tres parcelas de la bodega, haciéndolos vinos elegantes, complejos y balanceados. Tecnología y compromiso con el ambienteNavarro Correas es una de las bodegas más eficiente y ambientalmente sustentable. Continuando con la tradición familiar de hacerlo cada vez mejor, la bodega cuenta con lo último en tecnología de servicio de calidad, trabajando en armonía con la naturaleza y conservación del medio ambiente. Toda su estructura está pensada con el objetivo de generar el menor impacto ambiental y ecológico al entorno que la rodea. Desde su orientación, que permite captar la mayor cantidad de rayos de luz durante el día sin incrementar la temperatura interna, hasta el uso de materiales nobles.",Bodega Navarro Correas nuevamente en Venezuela
"Si leyéramos con calma y dedicación las actas del 19 de Abril de 1810 y del Congreso Constituyente de 1811, podríamos percatarnos que la gran preocupación de los hombres que proclamaron nuestra Independencia y fundaron la República, fue el temor que la falta de gobierno español desencadenara una guerra civil entre los venezolanos. ​De los tres argumentos que llevaron a la constitución de la Junta Defensora de los Derechos de Fernando VII el 19 de Abril de 1810, el primero fue atender la “salud pública” de un pueblo que se encontraba “en total orfandad” no sólo por el cautiverio en que se encontraba sometido el Rey por parte de  Napoleón Bonaparte, sino, además, por haberse disuelto la Junta Central Gubernativa del Reino la cual – desde 1808 - “suplía su ausencia en todo lo tocante a la seguridad y defensa de sus dominios invadidos por el Emperador de los Franceses”.  En síntesis, estábamos frente a un problema de orden público y de sobrevivencia colectiva.​En este orden de ideas, el desafío para el liderazgo criollo era asumir el gobierno de sus respectivas provincias para garantizar lo que el propio Libertador denominó en la Carta de Jamaica el derecho a la tiranía activa y dominante de quienes ya tenían el control del poder económico interno. Por ello, hay dos contradicciones que corren paralelas en aquel periodo histórico: por un lado, el conflicto social entre los criollos, poseedores de tierras y esclavos y el pueblo llano de las ciudades, los artesanos, esclavos, indígenas y pardos libres. Por el otro, el conflicto político entre los sectores que querían aprovechar la crisis de la monarquía española para alcanzar la autonomía y la independencia. La contradicción social ahogó las acciones independentistas de 1811 y por ello es que cae la primera y la segunda república, de manos de un pueblo incorporado a los ejércitos españoles. El decreto de guerra a muerte, de 1813, lo que buscaba era imponer la segunda contradicción como la más importante. “Españoles y canarios”, por un lado; “venezolanos”, por el otro.  Ante esta realidad, ignorada por la historia patria, es que levantó su obra el historiador Laureano Vallenilla Lanz. En El Cojo Ilustrado de fecha 1º de noviembre de 1911, Vallenilla Lanz publica “La Guerra de Independencia fue una Guerra Civil”, producto de una conferencia que había dictado en la Academia Nacional de la Historia el 9 de octubre 1911. Este artículo, junto a otros que van a aparecer en El Cojo Ilustrado, El Nuevo Diario y en Cultura Venezolana, es el punto de partida de su tesis sociológica del “Cesarismo Democrático”, como explicación del papel del caudillismo llanero en la fundación orgánica de la república.  Contando con una amplia fundamentación documental y bibliográfica Vallenilla Lanz fue tejiendo su narración histórica para señalar que quienes levantaron las banderas del Rey y lo defendieron a sangre y fuego fueron en gran parte los propios venezolanos. “Yo no sé por qué habrá de empequeñecerse la gloria de Páez en la Mata de la Miel y en el Yagual porque el ejército realista estuviese mandado por Francisco López (el Maya), el Padre Torrellas y Facundo Mirabal. Ni que los laureles de las Queseras hayan de marchitarse cuando se recuerda que el más terrible contendor de ese día glorioso fue el caraqueño Narciso López, en aquella carga formidable, en que Rondón (...) contesta a los aplausos (...) con una de las frases más épicas de la historia de América: así se baten los hijos del alto llano”. No olvidemos que Rondón, héroe del Pantano de Vargas, había sido soldado de los ejércitos realistas antes de 1817. ¿Y de donde eran los hombres capitaneados por Boves, Yanes, Morales y Antoñazas? Todos eran venezolanos. El Dr. Juan Germán Roscio le comentaba al propio Bolívar en 1820, que “la mayoría de los americanos obedientes al enemigo, es el obstáculo para el reconocimiento de nuestra independencia.” Y esto lo decía Roscio un año antes de la Batalla de Carabobo. ¿Qué lectura le podemos dar hoy a esta interpretación que Vallenilla Lanz puso al descubierto hace ya más de cien años? ¿Qué tiene que ver el “Cesarismo Democrático” con la crisis que actualmente vive el Estado y la sociedad venezolana? Bueno, que temas como la independencia, ayer y hoy, son problemas eminentemente políticos, y los pueblos no se movilizan y luchan sino para resolver sus necesidades de “pan, tierra y trabajo”, consigna de todas las revoluciones de los siglos XIX y XX. Por ello, la urgente lucha por el rescate de la institucionalidad democrática, que pasa por enfrentar los males del caudillismo y de las salidas mesiánicas, debe atender en lo inmediato las apremiantes necesidades de un pueblo en acelerado proceso de empobrecimiento colectivo. enfoques14@gmail.com@reinaldorojashistoriador",Fue una guerra civil
"Los auriculares inalámbricos Louis Vuitton Horizon presentan el emblemático Monogram de la Maison en azul con efecto degradado. Su diseño contemporáneo está pensado tanto para hombre como para mujer. Incorporan innovadoras características técnicas, como una de las mejores calidades de audio del mercado y son un elegante accesorio de viaje.El diseño presenta un cuerpo de acetato en color azul degradado con motivo Monogram en azul claro y Monogram Flowers de color acero pulido. Las    almohadillas y aletas de sujeción son de silicona siendo sus dimensiones: 25 x 22,2 x 28,3 mm.Entre las características técnicas principales presenta controladores de berilio de 10 mm, pesan 9 gramos cada uno. Utiliza un micrófono omnidireccional, la tecnología MEMS,  permite responder llamadas y son dos micrófonos por auricular. El sensor de proximidad permite la reproducción y pausa automática.Entre sus funciones figuran: encendido/apagado, adelantar/retroceder canción, control de volumen, modos de sonido ambiente y cancelación de ruido activa, opción de responder llamadas y acceso rápido con voz mediante los botones de control ubicados en cada auricular. Cada auricular puede utilizarse de manera independiente para las funciones de llamada y sonido    Conectividad: Bluetooth* 5.0, distancia de conectividad hasta +30 metros. La resistencia al agua es de IPX5. Incluyen incluyen un kit de carga con un estuche de carga inalámbrico y un cable USB tipo C.El estuche de carga es de acero inoxidable pulido con tapa de cristal de zafiro, anilla de color blanco con Monogram Flowers pulidas de color acero y líneas de color azul.  La parte posterior es de cerámica blanca con Monogram Flowers grabadas, pesa 110 gramosEl estuche de carga puede cargarse de dos maneras diferentes: con un cable USB tipo C o por inducción (compatible con el estándar de carga inalámbrica Qi**)  El tiempo de carga de los auriculares y el estuche es de 15 minutos para un 50 % de batería y 40 minutos para carga completaPresentan una autonomía hasta de  10 horas en modo de sonido clásico con una sola carga y hasta 8 horas en modo de sonido ambiente o modo de cancelación de ruido activa con una sola carga.    El estuche ofrece dos cargas adicionales de 10 horas cada una, para una autonomía total de 30 horas. Incluyen garantía internacional limitada de 2 años (sujeta a derechos específicos para ciertos países).",Auriculares de pasarela
"Puerto La Cruz.-  Con tranquilidad trascendió el asueto de carnaval en Anzoátegui, estado que este año, no lució sus costas  llenas de temporadistas como  ocurría cuando la crisis no afectaba los bolsillos de los venezolanos.Las autoridades pusieron énfasis en los operativos de seguridad tanto en las playas como en las ciudades, para garantizar el orden público y el acatamiento de las medidas preventivas contra el Covid-19.En Lechería, municipio Diego Bautista Urbaneja, el plan Carnavales seguros 2021, contó además con el despliegue de los Guardianas de Espacios públicos,  las Brigadas motorizada, de Ciclistas, de Salvavidas y los funcionarios de Protección Civil, de acuerdo a lo declarado por el alcalde Manuel Ferreira, quien destacó que se inauguró la Brigada de la salud ciclística, integrada por paramédicos.Con la labor de más de 200 trabajadores de las diferentes dependencias de la alcaldía, se aseguró a los vecinos y visitantes, la debida protección y tranquilidad en el disfrute de estas festividades, señaló el jefe local.Hasta que concluya estos días de carnavales, el Centro operativo de monitoreo permanecerá activo, para atender emergencias que pudieran surgir y la ciudad dispone de diversos puntos de control médico, apegados al plan de la bioseguridad.  Son tres puntos principales y 12 secundarios y en las playas fueron distribuidos brazaletes a los niños para llevar el control de su presencia en esos espacios, labor realizada por el Consejo Municipal de Derechos de Niños y adolescentes, CMDNNA.LUCHAR CON LOS COSTOSDesde hace años, en Anzoátegui , el público que acude a los espacios acuáticos se acostumbró a llevar sus comidas y chucherías, por los costos elevados de los mismos, sobre todo en las islas del Parque nacional Mochima.Este año no fue la excepción y en algunos sitios como Lechería, se vieron en la necesidad de luchar ahora con los precios en dólares, que asombró a varios de los asistentes.  El alquiler de un toldo con dos sillas, tenía un valor de 5 dólares, que en bolívares serían alrededor de 9 millones; un plato de pescado, costaba 8 dólares y una sopa, 6 dólares.  Muchos optaron por buscar las sombras que ofrecen los pocos árboles que tienen esos lugares.“Uno quiere disfrutar un rato y olvidarse de la crisis y del resto de los problemas, pero viene a la playa y nos toca pensar que 9 millones por un toldo es dinero”, mencionó en playa Lido, Oscar Meneses, quien tiene una familia de 5 personas. “Tampoco puedo pagar 8 dólares por cada plato de pescado, porque me toca cancelar 40 dólares, que lo puedo usar para medio hacer mercado en casa”, agregó.Lechería se estimó en 50% la visita de ciudadanos a sus balnearios.  Lo que sí hubo fue gran movimiento de policías y Protección Civil, en resguardo de la seguridad de la gente.EN ISLASTampoco las islas del Parque  Nacional Mochima estuvieron aglomeraciones importantes y aunque los botes hicieron varios viajes de traslado, no se ecumplieron las expectativas de este feriado, de acuerdo a lo señalado por Francisco Córcega, de la Cooperativa de Transporte Turístico de Anzoátegui.  Las siete embarcaciones habilitadas cumplieron los protocolos de bioseguridad contra el virus.En el embarcadero de Puerto La Cruz, Protección Civil y sus funcionarios permanecieron prestando apoyo a los usuarios y vigilantes de cualquiera eventualidad que sucediera este lunes.",En Anzoátegui el asueto de carnaval se cumplió en las playas e islas
"Yolanda Moreno es la nueva embajadora #MarcaVenezuela, en la segunda edición de este reconocimiento  creado por la firma de consultoría Pacheco, Apostólico y Asociados  (PricewaterhouseCooper), PwC Venezuela, que de esta manera desea  honrar a personas y organizaciones que con sus actuaciones resaltan lo positivo de la venezolananidad.Al trabajo del jurado le antecedieron  las postulaciones  que el público envió  a través de las redes sociales. Participaron más de 400 personas que presentaron a 183 candidatas consideradas idóneas a recibir el reconocimiento. Posteriormente fueron evaluadas por el jurado calificador integrado por la comunicadora social Beatriz Adrián, la profesora Alicia Ponte-Sucre, la nutricionista y defensora de los derechos humanos Susana Raffalli y la licenciada María Silvia Rodríguez, junto al artista plástico Juvenal Ravelo, ganador de la primera edición de #MarcaVenezuela.Leonor Giménez de Mendoza, ganadora de la mención Responsabilidad Social Empresarial; y Pedro Pacheco Rodríguez, quien hizo entrega de esta distinción  FOTOS CORTESÍAEn esta segunda edición se homenajeó a esas venezolanas cuyos aportes transformadores han sido positivos al país. Además de la designación de la embajadora #MarcaVenezuela se eligieron ocho menciones especiales debido a la significativa muestra de mujeres postuladas para el año 2020.Para la clasificación se tomaron en cuenta la trayectoria, que se refiere al legado que estas personalidades han dejado en su comunidad o al país y el impacto positivo que se ha observado.  La coherencia en el proyecto también se tomó en cuenta y  se refiere a la congruencia  entre pensamiento, palabra y acción. Otro aspecto fue la proyección de la identidad venezolana de esa mujer y por último la pertinencia con la contemporaneidad,  cómo ese proyecto  se adapta a las necesidades y demandas de la Venezuela de hoy.Alicia Ponte-Sucre, integrante del jurado; y el artista cinético, Juvenal Ravelo, ganador de la primera edición del premio #MarcaVenezuelaPresidió  el acto de  entrega Pedro Pacheco Rodríguez, socio principal de PwC Venezuela y se desarrolló  vía streaming, ya que se transmitió por el canal de Youtube de la firma.Yolanda Moreno expresó su emoción y recordó sus comienzos, sus giras y dejó en evidencia la pasión que siempre ha sentido por su profesión. Junto a ese quehacer artístico también está la labor docente de la “Bailarina del pueblo venezolano”, quien todavía dirige su academia Danzas Venezuela.Las otras premiadas con mención especial fueron Belkisyolé Alarcón, directora del Instituto de Medicina Tropical de la UCV y profesora titular de la Facultad de Medicina de la UCV, a quien se le otorgó el reconocimiento especial  mención salud.Los galardones entregados en esta segunda edición de #MarcaVenezuela , diseñador por el artista cinético, Juvenal RaveloLa mención Derechos Humanos  recayó en  Ana Rosario Contreras, presidenta del Colegio de Profesionales de Enfermería de Caracas.Leonor Giménez de Mendoza, presidenta de la Fundación Empresas Polar fue la ganadora de la mención Responsabilidad Social Empresarial.Un premio de mucha actualidad fue la mención Prevención COVID -19 que recibió María Graciela López, presidenta de la Sociedad Venezolana de Infectología.La arquitecta y profesora universitaria Mercedes Marrero, fundadora de la Comisión para la Mitigación de Riesgos - UCV, obtuvo la  mención  Rigor y persistencia académica.María Silva Rodríguez, integrante del jurado, conversa con la comunicadora social y animadora del acto, Beatriz AdriánLa inclusión también estuvo presente y esa mención se le entregó a Isabella Paúl, fundadora y presidenta de la Fundación Autismo en Voz Alta.Elisa Vegas, directora de la Orquesta Sinfónica Gran Mariscal de Ayacucho, se le otorgó  la  mención Talento joven.También se incluyó un reconocimiento póstumo a Flor Isava, gran dirigente deportiva y primera mujer en integrar el Comité Olímpico Internacional, además de ser una galardonada deportista.Yolanda Moreno, embajadora oficial de la segunda edición #MarcaVenezuela;  José Antonio Apostólico y Pedro Pacheco Rodríguez, socio Principal de PWC VenezuelaClaudia Machillanda, bailarina de Danzas VenezuelaPedro Pacheco Rodríguez, socio Principal de PWC Venezuela, durante su intervenciónIsabella Paul recibió la mención en InclusiónElisa Vegas, directora de orquesta y ganadora de la mención Talento Joven de esta segunda edición #MarcaVenezuelaMercedes Marrero recibió la mención Rigor y Persistencia AcadémicaLas premiadas: Yolanda Moreno, Valentina Azuaje, quien recibió la distinción en nombre de Flor Isava; Isabella Paúl, Elisa Vegas, Mercedes Marrero, María Graciela López,  Ana Rosario Contreras,  y Belkisyolé AlarcónAlicia Ponte-Sucre,  Yolanda Moreno,  Juvenal Ravelo,  Beatriz Adrián y Tibisay WendehakeMaría Graciela López, recibió el reconocimiento especial, mención Prevención  COVID -19","Yolanda Moreno, pasión por Venezuela"
"El mundo se ha convertido en una pequeña aldea global, un emergente cambio acelerado y en ascenso ha impactado en la gestión gerencial de las organizaciones producto de limitaciones y competencias impuestas por el contexto global basado en la tecnología. Por tanto, lo conveniente a la organización es evidenciar capacidad para crear, innovar y poder conducir el negocio en el alto escenario de cambio tecnológico (Abbas & Asghar, 2010, pp. 1). En la organización es relevante un líder responsable, eficiente, exitoso, y competente, como agente de cambio, capaz de gestionar a una organización en el contexto global. También, él deberá cumplir con las altas expectativas de sus propios clientes, y establecer las mejores alternativas y acciones para responder a las situaciones del mercado y del contexto, que lo obligan a funcionar mediante la implementación constante de modelos de negocios acorde con las exigencias del contorno cambiante de la organización.Para este tipo de gerente, el reconocimiento del cambio emergente dentro de la organización es un asunto importante, no solo porque representa un asunto complejo a lo interno de la organización, sino también porque, es desafiante a las posibles acciones que el gerente pondrá en práctica para mantener la sostenibilidad del negocio y armonizar sus actividades teniendo en cuenta el desafiante entorno que le plantea el cambio tecnológico.  Así el gerente debe ser un líder cuyo papel central es, cultivar la evolución de la organización en el proceso de cambio emergente organizacional, es decir, el gerente deberá ser capaz de percibir la forma más deseable en la que su organización puede abordar el cambio futuro, incipiente y pujante. De manera que, las competencias del gerente se basen en la visión y enfoque innovador que le ayude a planificar un futuro probable. Ello es clave en el ejercicio de la gerencia, ya que, frente a los complejos fenómenos que la organización enfrenta en un contexto de cambios tecnológicos, la capacidad de visión prospectiva retroalimenta a la sostenibilidad a largo plazo de su organización y está a su vez afecta a la sustentabilidad. Es así como, resulta un modelo ideal acerca del papel de la gerencia en las nuevas formas de organización bajo una visión prospectiva que involucra a lo económico y a lo ético. La competencia de liderazgo, el cambio organizacional, la visión y enfoque innovador, que ayudan y guían a las organizaciones.   El papel de la gerencia en las nuevas formas de organizaciones implica un enfoque hacia el futuro probable. En este caso, el gerente se involucra en campos relacionados con el futuro ahora, estrategias industriales, así como en el campo de la ética, cuya dimensión implica las actitudes humanas del gerente, como la convicción de sus hechos y la responsabilidad sobre los mismos. @zerpasad",Gerencia y nuevas organizaciones
"Caracas.- Las infraestructuras educativas en Venezuela se encuentran en total abandono, instituciones que han sido referencia durante años no están aptas para recibir estudiantes ni al personal ante ningún tipo de llamado a clases, según el Observatorio de Educación de FundaRedes.Los miembros del Observatorio de Educación de FundaRedes acudieron ante la Defensoría del Pueblo en el estado Táchira para consignar un documento donde refieren la precariedad en la que están las instituciones educativas, así como el rechazo a un posible reinicio de clases semipresenciales anunciado por el Ejecutivo Nacional para el mes de Marzo.Gladys Chacón, coordinadora del Observatorio y presidenta del Colegio de Licenciados en educación de Venezuela en Táchira, junto a otros docentes, denunció que los grandes planteles insignes de la enseñanza en el país, ""hoy están en ruinas con aulas destruidas, espacios deportivos inservibles, sin servicios básicos ni dotación"".“En el Táchira los liceos Simón Bolívar, Pedro María Morantes, Gónzalo Méndez y la escuela Carlos Rangel Lamus ubicados en el municipio San Cristóbal, y el liceo Ángel María Duque de La Grita, municipio Jáuregui, todos están en situación de abandono”, señaló.Chacón reiteró que las instituciones no están adecuadas, ni existen medidas de bioseguridad garantizadas para prevenir la propagación del Covid-19. “Si no les dan a los médicos equipos para atender las emergencias de salud, mucho menos al personal que labora en centros educativos en Venezuela”.“Al pretender forzar un posible regreso a las aulas en las condiciones infrahumanas de los planteles y sin los insumos necesarios para la protección, se está violentando el derecho a la salud de los trabajadores de las escuelas”, dijo.El Observatorio de Educación de FundaRedes exige a la Defensoría del Pueblo y al Ministerio de Educación abocarse a garantizar ambientes escolares dignos y seguros para la población en general.","Gladys Chacón: ""Infraestructura educativa en Venezuela no está en condiciones para retomar clases presenciales"""
"La diseñadora venezolana Dayana León dirá una vez más presente en Semana de la Moda de Nueva York, convocada por la Fashion Designers of Latin America (FDLA), presidenta Albania Rosario. en febrero de 2021.León ha adaptado su propuesta de moda a los cambios globales desde la Venezuela actual y en esta ocasión, aspira dejar en alto el nombre de Venezuela, con su show digital. La firma parece ir dando los pasos correctos hacia un lugar dentro de una industria tan competitiva como lo es la moda. Sin embargo, la propia diseñadora se confiesa en evolución: "" lo que presentaremos en New York Fashion Week es mi amor desde que tengo memoria por el arte en su esencia, demostramos con solidez que en Venezuela la creatividad es un baluarte inmortal, ¡vean el desfile! y presten atención a cada pieza exclusiva, cada una fue pintada a mano por artistas plásticos venezolanos. Hoy caminamos firmes hacia el crecimiento artístico de la firma dando oportunidad y ese sentido de inclusión que reclama la nueva normalidad"".La colección la títuló  Rise and Fall Dayana León F/W 2021. Sus piezas denotan transición, inclusión y neonormalidad, pero con una sutileza exquisita propia de su marca. Para ella sus prendas buscan elevar a las mujeres que las lleva, la autovaloración, que sean conscientes de su feminidad y la disfruten plenamente. Los interesados en disfrutar el desfile pueden hacerlo el próximo martes 16 de febrero de 2021 a partir de las 8:00pm a través del canal de Youtube de la FDLA. @msxistybydayanaleon  @fashiondesignersoflatinamerica",En busca de la internacionalización
"La ex esposa de Gilberto Correa, Diana Núñez, grabó un video en el que negó todas las acusaciones que se hicieron en su contra durante las últimas semanas.La ex pareja sentimental del animador del Miss Venezuela y de Súper Sábado Sensacional rechazó haber maltratado al venezolano ""ni física ni verbalmente"".En ese sentido, Núñez indicó que los seis años que estuvieron juntos su vínculo siempre fue de respeto, complicidad y armonía.Por otro lado, la ex pareja sentimental del conductor, contó que la última vez que vio a Correa fue el 28 de febrero de 2020, fecha en la que tuvo que viajar a Madrid, España por compromisos familiares.En el hogar en el que vivía con el comunicador social también estaba su papá, de 85 años.Núñez explicó que en la vivienda entraban y salían muchas personas y como no se estaban cumpliendo las normas de bioseguridad para protegerse del coronavirus, se vio en la necesidad de sacar a su progenitor de allí, por dicha situación y ""otras diferencias"", la pareja decidió separarse.La ex esposa de Gilberto Correa aclaró que en ningún momento robó cosas del apartamento en el que vivía con el presentador de televisión.En el video, transmitido por el programa Sábado en la noche, de Globovisión, precisó que todos los objetos que salieron de su antigua residencia salieron de allí bajo la supervisión del animador, quien estaba en silla de ruedas, así como también, de integrantes de la junta de condominio, vecinos y vigilantes.La ex pareja sentimental de Correa subrayó que, una vez que fue diagnosticado con Mal de Parkinson hace cinco años, fue ""su voz, sus manos y sus pies por las limitaciones de vida a su enfermedad, no por protagonismo"".Núñez señaló que a su regreso a Venezuela, en el primer vuelo humanitario que se realizó proveniente de España, ella y Correa decidieron separarse ""de mutuo acuerdo"" y que finalmente el divorcio se hizo efectivo el 3 de diciembre del año pasado.Por último, la ex esposa del conductor se refirió a su actual estado de salud.""Siento muchísima alegría que a Gilberto le dieron de alta, tras la recuperación del Covid-19 y le deseo, de todo corazón, que se mantenga sano y que se resguarde y aunque estemos legalmente divorciados siempre contará con mi admiración, respeto y apoyo"", finalizó Núñez.","Ex esposa de Gilberto Correa: ""Jamás hubo agresión ni física ni verbal"""
"Un hombre identificado como Freddy Richardy Enríquez Oliveros, de 65 años presunto funcionario adscrito a la Dirección General de Contrainteligencia Militar (Dgcim) fue asesinado en la Urb. Los Girasoles de la población de Turmero, en el municipio Santiago Mariño del estado Aragua.El hecho ocurrió el pasado miércoles cuando familiares de la víctima localizaron el cadáver de Freddy Richardy Enríquez Oliveros tendido en la cocina de la vivienda donde residía. El cuerpo presentaba una herida provocada por arma blanca en el cuello.Miembros del Cuerpo de Investigaciones Científicas, Penales y Criminalísticas (Cicpc) procedieron a realizar el levantamiento del cadáver, el reporte emanado de la Policía Nacional Bolivariana (PNB), señalan que el presunto asesino sería un allegado de la víctima quien huyó en un vehículo marca Toyota, modelo Corolla, color beige.",Asesinan a funcionario de la Dgcim en el estado Aragua
"Miami.- Bad Bunny sorprendió a sus fanáticos el día de San Valentín con el lanzamiento del nuevo video musical ""La noche de anoche"" junto a Rosalía. El video ya se encuentra disponible en el canal de YouTube del artista.Realizado por el director Stillz, las imágenes muestran un escenario surreal, donde Bad Bunny y Rosalía interpretan a dos amantes.""La noche de anoche"" es parte del disco de Bad Bunny, ""El último tour del mundo"". Esta canción debutó dentro del Top 10 de los listados de todos los géneros ""Billboard Global Excl. U.S"" y ""Billboard Global 200"". Además, debutó #2 en ""Hot Latin Songs"" y logró posicionarse dentro del listado ""Hot 100"" y ""Latin Airplay"" de Billboard. El tema también ha dominado las plataformas digitales consiguiendo más de 216 millones de reproducciones tan solo en la plataforma Spotify.Recientemente, el artista ganador del Latin Grammy alcanzó la posición #1  del listado ""Latin Songwriters"" de Billboard durante más de 50 semanas consecutivas convirtiéndose en el segundo artista en la historia del listado en alcanzar dicho hito.Por otro lado, Bad Bunny celebró su debut en el evento de lucha libre, Royal Rumble de la compañía de entretenimiento deportivo WWE, donde no solo entregó una presentación especial acompañado del luchador Booker T para su canción homónima, sino también se unió a la pelea principal del evento. Desde entonces, el cantante se ha convertido en un participante continúo dentro de los episodios de ""Monday Night Raw"".Por otra parte, Bad Bunny estará haciendo su debut en el show de Saturday Night Live como invitado musical. Su participación se llevará a cabo en el episodio del 20 de febrero y será transmitido por NBC a las 11:30 p.m.Para Rosalía, ""La noche de anoche"" es su segundo lanzamiento sorpresa de un video musical de alto perfil, haciéndole seguimiento a ""Lo vas a olvidar"" - su colaboración junto a Billie Eilish. Acompañando el lanzamiento de la canción a través del show de HBO, ""Euphoria"", el sencillo debutó en el Top 10 del listado ""Hot Latin Songs"" de Billboard, al igual que en el listado ""Hot Rocks & Alternative Music"". Finalmente, se convirtió en el video musical con el mayor número de visitas a nivel mundial en su primera semana de lanzamiento.","Bad Bunny y Rosalía estrenaron el videoclip del tema ""La noche de anoche"""
"A propósito de los Carnavales Caracas Caribe 2021, este domingo se realizó la Gran toma Cultural y Deportiva en el paseo Los Próceres.Desde muy temprano, se iniciaron las actividades con una caminata 5k, para luego desarrollar los eventos recreativos, deportivos y culturales para niños, jóvenes y adultos, destacó la funcionaria, según una nota de prensa de la Dirección de Comunicación de la Alcaldía de Caracas.""Hemos desarrollado un ciclo de actividades deportivas donde podemos encontrar distintas disciplinas recreativas y culturales para niños y niñas, y actividades fisicas para los abuelos y abuelos"", señaló Erika Farías, alcaldesa del municipio Libertador.Indicó que dotaron de bicicletas al programa Caracas Rueda Libre para que los pequeños de la casa se sumen a este movimiento.La alcaldesa informó que desde el jueves 11 y hasta el Miercoles 17 se encuentran en desarrollo actividades de recreación en plazas, parques, bulevares y comunidades, así como también en las 12 salas de teatros, todas cumpliendo los protocolos de bioseguridad contra el Covid-19.",Realizaron Gran toma Cultural y Deportiva en el Paseo Los Próceres de Caracas
"Caracas.- Este lunes, se registró la primera prueba que detecta la variante del corinavirus británica en Rusia.Así lo informó el organismo sanitario ruso Rospotrebnadzor, que precisó que la tecnología ha sido denominada como AmpliSens SARS-CoV-2-UK-IT, y ya ha pasado con éxito los ensayos clínicos que confirmaron su alta precisión.La cepa N501Y fue identificada por primera vez en diciembre pasado en la ciudad inglesa de Kent. La variante, que ha sido reportada en varios países, se caracteriza por una propagación más rápida que el virus original, reseñó RT.Mientras estas investigaciones avanzan, el pasado miércoles los científicos británicos detectaron dos nuevas variantes de coronavirus.Éstas fueron calificadas una como ""variante preocupante"". Se trata de la cepa de Kent, que sufrió la mutación E484K. La otra, registrada en Liverpool y designada como ""variante bajo investigación"", tiene rastros de la mutación E484K.",Registran primera prueba para detectar variante británica del coronavirus en Rusia
"En ocho idiomas se podrá leer y escuchar “Geografía Gastronómica Venezolana”, ícono de la literatura culinaria criolla, en su “Edición Especial Siglo XXI”. Daniel León y Julio León, editores de la obra, informaron que en 2019 se cumplieron 65 años de la primera impresión de este libro. Para celebrarlo, los familiares directos del autor, el cumanés Ramón David León, decidieron crear una nueva publicación, con el mismo título y el agregado “Edición Especial Siglo XXI”.  En esta ocasión se adaptó el libro al mundo tecnológico actual, aspecto que permitió traer al presente tanto la obra literaria como a su autor.Una de las novedades de la reedición, es que estará disponible en tres formatos: impreso, electrónico y audiolibro. Asimismo, de manera progresiva, se ofrecerá en 8 idiomas: español, inglés británico, inglés americano, francés, italiano, portugués, alemán y chino mandarín, labor que desarrollan con un equipo de expertos profesionales de la traducción. Actualmentese ofrece en Español, Inglés Americano y Francés.El libro que enaltece los fogones nacionales, se encuentra publicado en dos presentaciones: una integrada, que incluye Biografías y Recetas, y otra presentación de dos tomos individuales; uno de Biografías y otro de Recetas exclusivamente. También se trabaja en una nueva presentación con recetas ilustradas.  Merecida distinción El título Geografía Gastronómica Venezolana: Edición Especial Siglo XXI (Tomo I), se encuentra disponible para la venta en formato papel y versión digital en las principales plataformas: Amazon, Blurb, Google Play Books y Smashwords. También por medio de otros portales especializados en más de 20 canales comerciales digitales.  El éxito de la reedición de “Geografía Gastronómica Venezolana” se puede medir en la distinción que mereció, al ser galardonada en China con dos Gourmand World Cookbook Awards 2020, premio de primer nivel en el ámbito gastronómico mundial, en lo que se refiere a publicaciones especializadas.   Igualmente, la obra escrita por León, en su más reciente edición ""Original Integrada"" figura entre los nominados de 175 países para la celebración 2021 de esta prestigiosa competencia internacional, pautada para el 5 de junio, en París, Francia.  En “Geografía Gastronómica Venezolana” su autor realiza una atractiva radiografía de la gastronomía venezolana mediante noventa y tres notas, en las que se incluyen algunas recetas de cocina, de preparaciones “cálidamente venezolanas”, en su forma más originaria. La reedición del libro de Ramón David León ofrece recursos multimedia, como la utilización de codigos QR para incluir música folklórica venezolana; Orquesta: Billo's Caracas Boys; Grupo Musical: Quinteto Contrapunto, y el cantautor Simón Díaz; también 60 fotografías panorámicas 360°, asociadas con muchos de los estados venezolanos, que ilustran la mayoría de las biografías culinarias incluidas en la pieza obra literaria.  Su autor: entre los mejores cubiertos de la época El escritor, Ramón David León nació en 1890 en Cumaná, estado Sucre. Ejerció el periodismo y fue director del diario La Esfera, por espacio de 30 años. En 1916 escribió la letra del Himno del Estado Sucre.  León era un apasionado del buen comer. Fue catalogado, en su tiempo, entre los “mejores cubiertos” de la Venezuela de aquella época, al lado de José Gil Fortoul, Mario Briceño Iragorry, Pedro Emilio Coll y Alejandro Pietro, recuerda el reconocido experto en gastronomía local José Rafael Lovera, en un prólogo escrito para la edición publicada en 1984.  Reconoce Lovera que León, como buen conocedor del arte, unió su inquietud periodística con su ímpetu culinario para explorar, en una especie de peregrinación, los más apartados rincones de Venezuela, para visitar e ilustrar los fogones locales.  De este peregrinaje surgieron estas biografías culinarias, publicadas durante 12 meses a partir del 24 de diciembre 1954, en la primera página -como editoriales-  en el diario La Esfera, con una frecuencia de hasta dos veces por semana.En este espacio describía cada uno de los platos tradicionales, que fue descubriendo en ese recorrido que realizó, con su elevado espíritu gastronómico.   Sus editoriales tuvieron elogios en Venezuela y una gran acogida entre los lectores. De allí que se publicaran 93 crónicas bajo su autoría, y posteriormente en 1954 se recogieron en la primera edición de este libro.  Prensa “Geografía Gastronómica Venezolana”. Andreina Alcantara",Cocina Criolla viajará  por el mundo en ocho idiomas
"Bogotá.- Con el cierre de cafés y oficinas en el mundo por la pandemia, el mercado mundial del grano temió un 2020 especialmente agrio. Pero los grandes productores salvaron el año con una receta blend: combinación de precios, cosechas récord y un consumo alternativo en hogares. Menor producción ""El 2020 fue particularmente bueno para Brasil, pero no tanto para los otros países en términos de producción"", dice a la AFP Carlos Mera, analista de RaboBank en Londres.El mayor productor mundial celebró una cosecha récord el año pasado: 63,08 millones de sacos de 60 kilos, un 27% más que en 2019, según la Compañía Nacional de Abastecimiento. El 77% del café brasileño es de variedad arábica, de mejor calidad que la robusta. En cambio Vietnam, el mayor productor de este último tipo, recolectará un 7% menos en 2020/21 que la cosecha inédita del período anterior. El tiempo seco bajó a 29 millones de sacos la producción, de acuerdo al Departamento de Agricultura de Estados Unidos. Meca del mejor café suave del mundo, Colombia también disminuyó un 6% su producción en 2020, con 13,9 millones de sacos, según la Federación Nacional de Cafeteros.Con Etiopía a la cabeza entre una veintena de países, África pasó el año sin altibajos.El continente ""es muy estable porque hay mucha distancia entre los países, distintos climas, no sufren tanto por los precios porque es más extensiva la producción y hay menores costos de fertilizantes"", describe Mera.El mundo produjo 0,9% menos de café en 2019/20 con respecto al periodo anterior.Mejor precio Con las restricciones que siguieron a la pandemia, el consumo y las exportaciones se sacudieron. Y los ingresos de los cafeteros variaron en cada país según la estabilidad de sus monedas frente al dólar, además de la calidad y cantidad de sus cosechas.Aunque el precio internacional dio un respiro.El café arábica se negoció en la bolsa de Nueva York a un promedio de 1,10 dólares la libra, una recuperación frente a 2019, cuando tocó mínimos de menos de un dólar.Brasil alzó la taza en alto. A su abultada producción se sumó una depreciación del 29% del real frente al dólar. En Colombia unas 540.000 familias cafeteras sintieron el alivio gracias también a la depreciación de su moneda (4,7%).El valor de la cosecha fue de unos 2.600 millones de dólares, el ""más alto en los últimos 20 años"" teniendo en cuenta la inflación, sostuvo un responsable de la federación.""El precio del café es volátil, cambia a veces demasiado y muy rápidamente (...) pero el 2020 fue extraordinario en precios corrientes, sin llegar a ser una bonanza"", explica el economista e investigador Rodolfo Suárez, de la Universidad Nacional de Colombia. En la Bolsa de Nueva York y Londres se negocian ""futuros"", contratos con estimaciones del precio de café, para proteger de las fluctuaciones a comprador y vendedor, en cuanto la carga llega a destino o encuentra un cliente.Pero también se transan a conveniencia de un corredor. De acuerdo a Fernando Morales-De La Cruz, de la organización Café for Change, ""el precio de 2020 fue en términos reales casi 70% menos al precio del café de 1983"" cuando era de 1,40 dólares.En términos de cotización Vietnam pasó un sorbo amargo. ""El precio en dólares para el robusta fue bastante decepcionante para los productores vietnamitas (...) la cosecha es menor a lo esperado y el precio, por tener una moneda que está muy controlada por el Estado, no se depreció a pesar de la pandemia"", apunta Mera. Además, ""el precio del flete marítimo desde Vietnam casi se triplicó"", añade. Consumo y perspectivas Símbolo de la actividad y encuentro, el café también tuvo que confinarse por el coronavirus. El consumo saltó de los comercios a los hogares. Y aunque las restricciones afectaron el movimiento en los puertos y el de los recolectores, el consumo se resintió menos de lo esperado (-2,4%), aunque por tercer año consecutivo estuvo por debajo de la producción.Según la OIC, el mundo recogió 168,68 millones de sacos en el período 2019/20, mientras el consumo fue de 164,53 millones.Si bien se espera que la demanda se recupere, un aumento del 1,9% de la producción mundial provocará un excedente de 5,27 millones de sacos en 2020/21, añadió la entidad.El consumo de la bebida caliente suele aumentar durante el invierno. Pero los cierres de cafeterías y las restricciones en países europeos golpeados por el virus tal vez alteren la tendencia. En 2021 Brasil podría marcar la suerte del mercado. Expertos vaticinan una caída en su producción de arábicas cercana al 30% debido a una fuerte sequía, lo que potencialmente beneficiaría a países como Colombia, Etiopía o Centroamérica.""Pero Brasil se sigue expandiendo, más allá de esta quiebra que va a tener en 2021"", matiza Mera.","El café, un sobreviviente de la pandemia"
"El Metro de Caracas anunció esta mañana que a partir de este lunes, 15 de febrero hasta el sábado, 20 de febrero se harán labores de mantenimiento entre las estaciones de la línea 1, Capitolio y Caño Amarillo.El sistema también dijo que estarán prestando una vía única temporal dirección Propatria desde la estación Bellas Artes hasta Agua Salud y dirección Palo Verde desde Parque Carabobo hasta Colegio de Ingenieros.A través de su cuenta oficial de Twitter, revelaron que el trabajo que se está ejecutando es de ""alto impacto"".Se espera que los usuarios tomen previsiones durante esta semana al momento de usar el sistema Metro.Por otro lado, la noche del domingo, 14 de febrero se generó una falla eléctrica entre Los Dos Caminos y Los Cortijos en donde se registró un incendio en las instalaciones, haciendo que los usuarios salieran de las estaciones por el humo.👉ATENCIÓN USUARIOS,Desde este #15Feb hasta el #20Feb, se estarán realizando trabajos de Alto Impacto entre las estaciones #Capitolio y #CañoAmarillo habilitandose una Vía única Temporal#TomarPrevisiones#TrabajamosParaTi#PorAmorAlMetro 🚆❤️@NicolasMaduro pic.twitter.com/ZxTjFkypFJ— Metro de Caracas (@metro_caracas) February 15, 2021",Metro de Caracas realizará mantenimiento a partir de este lunes
"Una joven estadounidense que se peinó con pegamento extra fuerte pidió ayuda en las redes sociales, donde recaudó más de 15.000 dólares para una posible operación quirúrgica.Tessica Brown, una afroestadounidense que reside en Luisiana, publicó un video la semana pasada donde explicaba que cuando se le terminó el gel para peinarse, utilizó pegamento extra fuerte en spray como sustituto.""Mala, mala, mala idea"", se lamentó la joven al borde de las lágrimas. ""Mi cabello está así hace un mes. No fue mi elección"".El pegamento químico, que contiene sobre todo acetona y propano, no debe entrar en contacto con la piel porque puede provocar fuertes irritaciones, según las indicaciones del producto.Brown intentó infructuosamente quitarse el pegamento de varias maneras, entre ellas con aceite de coco.El sábado la joven publicó fotos suyas en la emergencia de un hospital en Chalmette, Luisiana, adonde acudió a buscar ayuda.""Será realmente un largo proceso"", dijo el lunes en Instagram.El fabricante del pegamento, Gorilla Glue, publicó un mensaje en Twitter donde dice ""lamentar"" este ""incidente desafortunado"", y se congratula de que Brown haya ido al hospital.Para cubrir los gastos médicos ligados a su tratamiento, la joven pidió ayuda en el sitio gofundme, y el martes ya había recaudado más de 15.000 dólares.El sitio TMZ publicó el martes un video en el cual una amiga le corta la cola de caballo y aplica un nuevo producto en su cuero cabelludo, sin éxito.Según TMZ, Brown prevé viajar a Los Ángeles a invitación del cirujano plástico Michael Obeng, quien dice ser capaz de acabar con la espesa capa de pegamento endurecido.Contactada por la AFP, una asistente del cirujano no confirmó la información.La peluquera de Beyoncé, Neal Farinah, también propuso ayudar a Brown en su cuenta Instagram.",Una joven de EEUU se peina con pegamento y luego pide ayuda en internet
"En la plaza Las Morochas de Altamira, un espacio totalmente recuperado y lleno de emprendedores; el Alcalde Gustavo Duque junto a su esposa, Vanessa Bachrich de Duque, realizó la coronación de la Reina de Carnaval Chacao 2021.""A pesar de las circunstancias y, en medio de la pandemia, logramos realizar de forma virtual, la elección de la Reina de Carnaval Chacao 2021. No pierdan la esperanza, sigamos trabajando porque merecemos un país mejor y está empezando en Chacao"", enfatizó el alcalde de Chacao.Cumpliendo con todas las medidas de bioseguridad, el alcalde Gustavo Duque junto a su esposa coronaron como Reina de Carnaval Chacao 2021 a Greifa López; Srta Amistad, Paula Caldera; Srta Deportes, Mariángel Pabón y a la Srta. Cultura, Milagro Betancourt, al ritmo de la agrupación musical Bitoqueao.Esta actividad fue organizada por la Dirección de Cultura Chacao, la Dirección de Eventos y Protocolo de la Alcaldía de Chacao y con el apoyo de la empresa privada.",Chacao realizó coronación de la Reina de Carnaval 2021
